3428577,San Pedro
3858204,El Destierro
3866425,Albardon
3427454,Villa del Rosario
3429567,Riacho Eh-Eh
3429801,Puerto Bermejo
3430178,Panambi
3435525,Cerro Cora
3435765,Campo Ramon
3834403,Tilcara
3834814,Tafi del Valle
3834843,Taco Pozo
3835866,Santiago Temple
3837624,San Francisco del Monte de Oro
3837823,San Cristobal
3843436,Napenay
3843504,Mutquin
3845490,Los Varela
3860319,Contraalmirante Cordero
3860419,Concepcion del Bermejo
3860757,Colonia La Tordilla
3433359,Ituzaingo
3429959,Pinero
3860289,Departamento de Copo
3843819,Monte Quemado
3862555,Caroya
3852125,La Cesira
3839096,Retamito
3427475,Villa Alianza
3429402,Departamento de Saladas
3433487,Departamento de Iguazú
3429949,Pirane
3436230,Avellaneda
3837124,San Justo
3853510,Jesus Maria
3855554,Firmat
3427273,Yataity Calle
3427279,Yapeyu
3427404,Villa Mantero
3427420,Villa Hernandarias
3427439,Villa Escolar
3427443,Villa Elisa
3427535,Departamento de Veinticinco de Mayo
3427537,Veinticinco de Mayo
3427593,Ubajay
3427659,Tres Capones
3427885,Tabossi
3427994,Sauce de Luna
3428079,Santo Pipo
3428182,Santa Rosa
3428264,Santa Maria
3428424,Santa Anita
3428453,Santa Ana
3428638,Departamento de San Miguel
3428644,San Miguel
3428776,San Justo
3428928,San Jose
3429054,San Francisco de Laishi
3429210,San Carlos
3429426,Ruiz de Montoya
3429560,Riachuelo
3429710,Puerto Yerua
3429764,Puerto Libertad
3429765,Puerto Leoni
3429820,Pueblo Libertador
3429843,Pronunciamiento
3429864,Presidencia Roca
3429971,Pinamar
3429996,Piedras Blancas
3430029,Perugorria
3430064,Pedro R. Fernandez
3430105,Paso de la Patria
3430182,Pampa Almiron
3430186,Palo Santo
3430219,Palmar Grande
3430383,Nueve de Julio
3430402,Nuestra Senora del Rosario de Caa Cati
3430631,Mojon Grande
3430759,Departamento de Mburucuyá
3430760,Mburucuya
3430798,Martires
3430836,Mariano I. Loza
3431161,Los Helechos
3431184,Los Conquistadores
3431188,Los Charruas
3431244,Loreto
3431245,Loreto
3431272,Lomas de Vallejos
3431367,Libertad
3431460,La Verde
3431777,Las Garcitas
3431916,Larroque
3432122,Lapachito
3432463,Laguna Naick-Neck
3432466,Laguna Limpia
3432653,La Escondida
3432707,La Eduvigis
3432760,La Cruz
3432768,La Criolla
3433291,Juan Pujol
3433373,Ita Ibate
3433513,Ibarreta
3433567,Herradura
3433575,Herlitzka
3433743,Gobernador Roca
3433747,Gobernador Mansilla
3433751,Gobernador Juan E. Martinez
3433773,General Vedia
3433809,General Galarza
3433815,General Campos
3433820,General Alvear
3433839,Garuhape
3433842,Garruchos
3433919,Florentino Ameghino
3433944,Felipe Yofre
3434932,El Alcazar
3434995,Dos de Mayo
3434997,Dos Arroyos
3435030,Dominguez
3435178,Cruz de los Milagros
3435196,Cote-Lai
3435258,Conscripto Bernardi
3435269,Departamento de Concepción
3435273,Concepcion
3435283,Comandante Fontana
3435290,Colonia Wanda
3435295,Colonias Unidas
3435330,Colonia Elisa
3435331,Colonia Elia
3435344,Colonia Aurora
3435399,Ciervo Petiso
3435444,Chavarria
3435453,Charadai
3435570,Ceibas
3435612,Caseros
3435679,Caraguatay
3435688,Capitan Solari
3435701,Capiovi
3435789,Campo Grande
3435988,Bonpland
3435989,Bonpland
3436100,Basail
3436205,Azara
3436267,Arroyo del Medio
3436370,Alvear
3436398,Almafuerte
3436433,Aldea San Antonio
3436448,Alba Posse
3480740,Guernica
3832189,Yuto
3832398,Wenceslao Escalante
3832518,Vista Alegre
3832560,Vinchina
3832602,Villa Valeria
3832603,Villa Urquiza
3832648,Villa Reduccion
3832658,Villa Ojo de Agua
3832705,Villa Las Rosas
3832733,Villa General Mitre
3832769,Villa del Dique
3832773,Villa Cura Brochero
3832779,Villa Concepcion del Tio
3832795,Villa Bustos
3832917,Vicuna Mackenna
3832957,Viamonte
3833283,Valcheta
3833391,Uriburu
3833424,Union
3834251,Toledo
3834352,Tintina
3834361,Tinogasta
3834402,Departamento de Tilcara
3834542,Telen
3834961,Suncho Corral
3834985,Sumampa
3835304,Sierra Colorada
3835348,Serrezuela
3835582,Sebastian Elcano
3835691,Saturnino M. Laspiur
3835937,Santa Rosa de Tastil
3835941,Santa Rosa del Conlara
3836238,Santa Isabel
3836284,Santa Eufemia
3836407,Santa Clara
3854499,Departamento de Guasayán
3836769,San Pedro
3836985,Departamento de San Martín
3836993,San Martin
3837239,San Jose de la Dormida
3837625,San Francisco del Chanar
3837821,Departamento de San Cristóbal
3844209,Departamento de Minas
3837893,San Carlos
3837943,San Bernardo
3837985,San Antonio de los Cobres
3842418,Departamento de Paclín
3838057,San Antonio
3838158,San Agustin de Valle Fertil
3838174,San Agustin
3838194,Samuhu
3838235,Salsipuedes
3838237,Salsacate
3838460,Sacanta
3838826,Rio Pico
3839381,Rancul
3839482,Rada Tilly
3840159,Puerta de Corral Quemado
3840432,Pozo del Tigre
3840470,Pozo del Molle
3840808,Departamento de Pomán
3840809,Poman
3841035,Piquillin
3841143,Pilcaniyeu
3841149,Pilar
3841232,Piedra del Aguila
3841912,Pascanas
3842140,Pampa de los Guanacos
3842142,Pampa del Infierno
3842268,Palma Sola
3842593,Ordonez
3842662,Oliva
3842876,Departamento de Nueve de Julio
3842882,Nueve de Julio
3843407,Naschel
3843647,Morrison
3860201,Partido de Coronel Rosales
3843843,Monte Hermoso
3844159,Miramar
3844377,Merlo
3844832,Mariano Moreno
3845073,Malvinas Argentinas
3845254,Maimara
3845398,Lujan
3845549,Los Telares
3845977,Los Menucos
3846175,Los Frentones
3846514,Los Altos
3846610,Lonquimay
3846616,Londres
3846632,Departamento de Loncopué
3846634,Loncopue
3847482,La Toma
3847516,La Tigra
3847836,Las Rosas
3847933,Las Parejas
3847971,Las Ovejas
3848209,Las Lajitas
3848216,Las Lajas
3848242,Las Junturas
3849196,La Puerta de San Jose
3849388,La Playosa
3849557,La Para
3850888,Laguna Yema
3851072,La Granja
3851798,La Cumbre
3851985,La Cocha
3851993,La Clotilde
3853479,Jose de San Martin
3853767,Ingenio La Esperanza
3853782,Ingeniero Luis A. Huergo
3853788,Ingeniero Guillermo N. Juarez
3853935,Icano
3853966,Departamento de Humahuaca
3853967,Humahuaca
3853981,Huillapima
3854093,Huanchillas
3854102,Hualfin
3854153,Hoyo de Epuyen
3854318,Hersilia
3854336,Hermoso Campo
3854988,Gobernador Costa
3855092,General Manuel J. Campos
3855115,General Enrique Mosconi
3855117,General Enrique Godoy
3855121,General Conesa
3855237,Gancedo
3855370,Fray Luis A. Beltran
3855588,Fiambala
3855763,Estanislao del Campo
3856236,Embajador Martini
3856496,El Tio
3856776,El Rodeo
3857879,El Huecu
3857974,El Galpon
3858088,Elena
3858553,El Carril
3859000,El Aguilar
3859296,Doblas
3859521,Darwin
3859974,Corzuela
3860079,Corralito
3860178,Coronel Moldes
3860206,Coronel Belisle
3860475,Comallo
3860730,Colonia San Bartolome
3860791,Colonia Dora
3861262,Chos Malal
3861297,Chorotis
3861405,Chimpay
3862293,Castro Barros
3862515,Carrilobo
3862771,Departamento de Capayán
3862772,Capayan
3862832,Candelaria
3862971,Canada de Luque
3863095,Campo Largo
3863136,Campo Gallo
3863327,Camarones
3863366,Calilegua
3863491,Caimancito
3863554,Departamento de Cachí
3863557,Cachi
3863663,Buta Ranquil
3863700,Departamento de Burruyacú
3863701,Burruyacu
3863814,Buena Esperanza
3863821,Buchardo
3864283,Bernasconi
3864729,Barrancas
3865186,Avia Terai
3865578,Departamento de Arauco
3865579,Arauco
3865580,Arata
3865585,Aranguren
3865605,Apolinario Saravia
3865801,Departamento de Andalgalá
3865802,Andalgala
3865803,Andacollo
3865829,Departamento de Ancasti
3865830,Ancasti
3866028,Altos de Chipion
3866161,Alta Italia
3866353,Alejo Ledesma
3867009,Abra Pampa
6942842,Bella Italia
7116865,Carilo
7284819,La Punta
7304381,Villa Berna
7304383,Cuesta Blanca
8015350,Santa Catalina - Dique Lujan
3433974,Ezpeleta
3430550,Partido de Moreno
7778796,Moreno
3838231,Provincia de Salta
3428569,Departamento de San Pedro
3429948,Departamento de Pirané
3837122,Departamento de San Justo
3837980,San Antonio Oeste
3838873,Departamento de Río Cuarto
3866424,Departamento de Albardón
3865483,Argentine Republic
3834450,Provincia de Tierra del Fuego, Antártida e Islas del Atlántico Sur
3838854,Río Grande
3861244,Provincia del Chubut
3841892,Departamento de Paso de Indios
3841894,Paso de Indios
3854956,Golondrinas
3838830,Provincia de Río Negro
3859279,Doctor Rogelio Cortizo
3840224,Pueblo Buena Parada
3435907,Provincia de Buenos Aires
3839982,Punta Alta
3435189,Cristiano Muerto
3430443,Necochea
3430668,Miramar
3427840,Tamangueyú
3862372,Cascada
3435857,Cacharí
3435032,Partido de Dolores
3435038,Dolores
3844828,Mariano Unzué
3427473,Villa Altube
3860255,Provincia de Córdoba
3838596,Rosales
3844419,Provincia de Mendoza
3832120,Zapata
3866062,Alto del Salvador
3838445,Saira
3834499,Termas Villavicencio
3434137,Provincia de Entre Ríos
3430634,Mojones Norte
3841689,Pedro E. Vivas
3848949,Provincia de La Rioja
3859437,Desiderio Tello
3861824,Chamical
3837152,Provincia de San Juan
3854137,Huaco
3835868,Provincia de Santiago del Estero
3839792,Departamento de Quebrachos
3836139,Santa María
3857886,El Huaco
3862286,Provincia de Catamarca
3849182,La Puntilla
3428071,Santo Tome
3859512,Dean Funes
3433955,Ciudad Autónoma de Buenos Aires
3430975,Lynch
3427451,Villa Devoto
3433724,González Calderón
3836276,Santa Fe Province
3854895,Granadero Baigorria
3866418,Alberdi
3842670,Olavarria
3851241,La Florida
3427458,Villa Crespo
3857228,El Piquete
3853491,Joaquin V. Gonzalez
3840259,Profesor Salvador Mazza
3427414,Villa Leloir
3853404,Provincia de Jujuy
3836564,San Salvador de Jujuy
3832932,Departamento de Victoria
3832934,Victoria
3862744,Departamento de Capital
3860259,Cordoba
3866169,Alta Córdoba
3838574,Departamento de Rosario
3864364,Bella Vista
3836277,Santa Fe de la Vera Cruz
3833578,Provincia de Tucumán
3836873,San Miguel de Tucuman
3435719,Canning
3837576,San Guillermo
3844421,Mendoza
3838902,Rio Ceballos
3430863,Mar del Plata
3837213,San Juan
3841956,Parana
3435214,Provincia de Corrientes
3435217,Corrientes
3433896,Provincia de Formosa
3433899,Formosa
3837029,Provincia de San Luis
3837056,San Luis
3838233,Salta
3832899,Viedma
3840092,Puerto Madryn
3861039,Ciudad Universitaria
3436033,Bernal
3432039,Partido de La Plata
3432043,La Plata
3853331,Justiniano Posse
3849574,Provincia de La Pampa
3835994,Santa Rosa
3427504,Partido de Vicente López
3427478,Villa Adelina
3833857,Partido de Tres Arroyos
3833859,Tres Arroyos
3435261,Concordia
3435087,Del Viso
3839479,Rafaela
3836992,San Martin
3845406,Lugones
3431270,Partido de Lomas de Zamora
3431271,Lomas de Zamora
3427367,Villa Sarmiento
3861887,Provincia del Chaco
3840300,Presidencia Roque Saenz Pena
3838759,Rivadavia
3839281,Departamento de Realicó
3839282,Realico
3855061,Departamento de General Roca
3855065,General Roca
3855665,Departamento de Famaillá
3855666,Famailla
3832822,Villa Aberastain
3835869,Santiago del Estero
3436197,Partido de Azul
3436199,Azul
3833883,Trelew
3836350,Provincia de Santa Cruz
3838859,Rio Gallegos
3854294,Hilario Ascasubi
3863938,Bordenave
3844994,Manfredi
3842653,Oliveros
3429594,Reconquista
3841488,Partido de Pergamino
3841490,Pergamino
3844899,Marcos Juarez
3436176,Partido de Balcarce
3436177,Balcarce
3859110,Drabble
3846484,Los Antiguos
3854296,Hilario
3841039,Piquete Cabado
3862738,Capitan Bermudez
3863881,Partido de Bragado
3863882,Bragado
3860801,Colonia Caroya
3847328,Lavalle
3843122,Provincia del Neuquén
3843123,Neuquen
3855041,General Villegas
3861944,Partido de Chacabuco
3861953,Chacabuco
3838793,Rio Tercero
7932535,Pueblo General Belgrano
3429088,Partido de San Fernando
3429095,San Fernando
3841610,Partido de Pellegrini
3841614,Pellegrini
3433424,Isidro Casanova
3836846,San Nicolas de los Arroyos
3435809,Partido de Campana
3435810,Campana
3434261,El Talar
3837607,San Genaro
3840403,Pozo Herrera
3430867,Partido de Marcos Paz
3430868,Marcos Paz
3848355,Las Heras
3429577,Resistencia
3833367,Ushuaia
3434003,Partido de Esteban Echeverría
3480738,Barrio Esteban Echeverría
3863379,Caleta Olivia
3834826,Tacuarí
3838880,Río Colorado
3427896,Partido de Suipacha
3427897,Suipacha
3430992,Luis Guillón
3431366,Libertad
3429244,San Antonio de Padua
3832640,Partido de Villarino
3949834,Médanos
3864639,Barrio Comandante Piedrabuena
3833874,Partido de Trenque Lauquen
3833875,Trenque Lauquen
3435486,Chajari
3848950,La Rioja
3433708,Grand Bourg
3833062,Venado Tuerto
3863430,Departamento de Calamuchita
3856235,Embalse
3838300,Departamento de Salavina
3836198,Santa Lucía
3433787,General Pacheco
3433715,Goya
3430657,Provincia de Misiones
3427365,Villa Svea
3855302,Funes
3429886,Posadas
3433756,Gobernador Castro
3866935,Adelia Maria
3845575,Los Surgentes
3858133,El Dorado
3859904,Crespo
3855353,Frías
3436309,Departamento de Apóstoles
3436311,Apostoles
3428983,Partido de San Isidro
3436508,Acassuso
3861329,Choele Choel
3436091,Batán
3430310,Olivos
3427212,Partido de Zárate
3427213,Zarate
3429168,Partido de San Cayetano
3429171,San Cayetano
3838646,Partido de Rojas
3838650,Rojas
3433816,Partido de General Belgrano
3433817,General Belgrano
3860129,Corral de Bustos
3837855,San Carlos de Bolívar
3865084,Partido de Bahía Blanca
3865086,Bahia Blanca
3856047,Esmeralda
3845359,Luro
3860443,Comodoro Rivadavia
3857887,El Hoyo
3834971,Sunchales
3837125,San Justo
8050985,Juana Koslay
3848687,Las Brenas
3864692,Barraquero
3436219,Partido de Ayacucho
3436221,Ayacucho
3435976,Bosch
3436521,Abasto
3847911,Las Perdices
3862351,Casilda
3860822,Partido de Colón
3860828,Colón
3859429,Despenaderos
3838222,Partido de Salto
3838227,Salto
3853351,Partido de Junín
3853354,Junin
3841159,Pigüé
3431309,Partido de Lobos
3431313,Lobos
3841612,Departamento de Pellegrini
3864419,Belgrano
3436388,Alsina
3427326,Wilde
3864851,Banda del Río Salí
3435010,Don Torcuato
3430876,Manzone
3865884,Amenábar
3430813,Martínez
3841493,Pérez Millán
3859522,Darregueira
3427453,Villa de Mayo
3866417,Departamento de Alberdi
3832666,Villa Nueva
3836669,San Rafael
3840762,Portena
3862254,Catriel
3860431,Concaran
3433910,Floresta
3428609,San Miguel del Monte
3841684,Pedro Luro
3430102,Paso del Rey
3843392,Navarro
3840253,Puan
3855607,Fernández
3862599,Partido de Carlos Tejedor
3862600,Carlos Tejedor
3427753,Partido de Tigre
3427761,Tigre
3859910,Crámer
3863395,Calderón
3433661,Departamento de Gualeguay
3433663,Gualeguay
3861056,Cipolletti
3837441,San Jorge
3427426,Departamento de Villaguay
3427428,Villaguay
3855974,Esquel
3838506,Rufino
3860163,Partido de Coronel Suárez
3860164,Coronel Suarez
3435971,Boulogne
3434146,Energía
3427430,Villa Giambruno
3433975,Ezeiza
3434509,El Palomar
3436022,Billinghurst
3436080,Beccar
3427413,Villa León
3429316,San Andrés
3430513,Muniz
3427602,Turdera
3427464,Villa Basso
3433522,Hurlingham
3435376,Ciudadela
3431333,Liniers
3430544,Partido de Morón
3430545,Moron
3427397,Villa Martínez de Hoz
3428075,Santos Lugares
3428775,San Justo
3433293,Juan María Gutiérrez
3435375,Ciudad General Belgrano
3427417,Villa Insuperable
3430787,Mataderos
3427470,Villa Ansaldi
3427373,Villa San Francisco
3436038,Partido de Berisso
3436040,Berisso
3434155,Empalme San Vicente
3855075,General Pico
3846861,Partido de Lincoln
3846864,Lincoln
3435406,Partido de Chivilcoy
3861344,Chivilcoy
3837857,San Carlos Centro
3864331,Bell Ville
3832734,Villa General Belgrano
3430834,Mariano Moreno
3832780,Villa Colonia Italiana
3859839,Cruz Alta
3864307,Berabevú
3427582,Urdinarrain
3866395,Aldea Brava
3832778,Villa Constitucion
3855357,Freyre
3436434,Aldea Asunción
3845676,Los Quebrachos
3435264,Concepcion del Uruguay
3866163,Alta Gracia
3832665,Villa Nueva
3429635,Rafael Castillo
3427406,Villa Luzuriaga
3842258,Palmitas
3862655,Carcarana
3427687,Tortuguitas
3436079,Belén de Escobar
3433461,Ingeniero Maschwitz
3850929,Laguna Larga
3427411,Villa Libertad
3435417,Chillar
3430982,Partido de Luján
3430988,Lujan
3427465,Villa Barilari
3436152,Banfield
3433922,Partido de Florencio Varela
3433923,Florencio Varela
3433321,José Mármol
3429636,Rafael Calzada
3431325,Llavallol
3845310,Maciel
3428759,San Lorenzo
3429651,Partido de Quilmes
3429652,Quilmes
3865385,Arroyo Seco
3435962,Partido de Brandsen
3435963,Brandsen
3859966,Cosme Sud
3832260,Yerba Buena
3838725,Departamento de Robles
3846649,Lomitas
3832936,Viclos
3859384,Diamante
3856022,Esperanza
3832768,Villa del Lago
3833266,Valenzuela
3865373,Arteaga
3840222,Pueblo Elisa
3865449,Armstrong
3832694,Villa Maria
3864054,Bobadal
3832781,Villa Colanchanga
3859965,Cosquin
3864043,Boca del Tigre
3861528,Chichinales
3431608,Las Toninas
3848894,Larrechea
3832745,Villa Estela
3436124,Barranqueras
3436430,Aldea San Juan
3433822,General Almada
3436159,Bancalari
3842621,Oncativo
3837675,San Francisco
3835767,San Vicente
3863887,Bowen
3865810,Anchoris
3833520,Tunuyán
3840082,San Julian
3432555,Laferrere
3864759,Departamento de Bariloche
3837856,San Carlos de Bariloche
7647007,San Carlos de Bariloche
3855114,General Fernandez Oro
3832711,Villa La Angostura
3840896,Plaza Huincul
3841363,Pichi Leufú
3435280,Comandante Nicanor Otamendi
3427832,Partido de Tandil
3427833,Tandil
3434189,El Verano
3427380,Villa Residencial Laguna Brava
3430756,Mechongué
3430486,Napaleofú
3436369,Álzaga
3429616,Ramos Otero
3435024,Don Bosco
3431259,Longchamps
3435369,Claypole
3429582,Remedios de Escalada
3839303,Departamento de Rawson
3839307,Rawson
3838289,Saldungaray
3855728,Estomba
3863980,Bombal
3436426,Aldo Bonzi
3427818,Tapiales
3435050,Dock Sud
3428113,San Telmo
3427510,Versailles
3433466,Ingeniero Budge
3427449,Villa Diamante
3430087,Paternal
3435704,Capilla del Senor
3431204,Los Cardales
3430596,Monte Castro
3427407,Villa Luro
3852292,Departamento de La Capital
3836764,San Pedro
3837457,San Jerónimo del Sauce
3866402,Alcorta
3854906,Gramilla
3480730,Maquinista Savio
3433844,Garín
3866946,Acosta
3845663,Los Ralos
3856562,El Taco
3427565,Vagues
3427381,Villa Reichembach
3427445,Villa D. Sobral
3861061,Cinco Saltos
3429053,San Francisco Solano
3433780,Partido de General Rodríguez
3433781,General Rodríguez
3854985,Gobernador Galvez
3855424,Fortín Tiburcio
3852288,Departamento de Lácar
3836951,San Martin de los Andes
3859082,Dumesnil
3848989,Larguía
3860204,Coronel Charlone
3853643,Isla Verde
3843830,Monte Maiz
3836944,San Mauricio
3861568,Chepes Viejo
3855368,Fray Luis Beltran
3833871,Tres Algarrobos
3430940,Malabrigo
3839441,Partido de Ramallo
3839444,Ramallo
3427388,Villa Ocampo
3861001,Clodomiro Díaz
3855365,Fredriksson
3837008,San Marcos Sierra
3430106,Paso de la Laguna
3427399,Villa Maria Grande
3855124,General Cabrera
3427908,Sosa
3842414,Padilla
3431002,Lucas Sur
3854987,Gobernador Crespo
3845682,Los Puestos
3861678,Charata
3858677,El Calafate
3840104,Puerto Deseado
3858909,El Aranado
3852428,La Buena Parada
3431266,Loma Verde
3834182,Partido de Tornquist
3834184,Tornquist
3860721,Colonia San Pedro
3860174,Coronel Pringles
3837455,San Jerónimo Sur
3436249,Arturo Seguí
3862584,Carmen del Sauce
3427362,Villa Zagala
3843881,Monte Buey
3863314,Camilo Aldao
3435713,Canuelas
3859538,Daireaux
3845260,Maguire
3863419,Calchaqui
3429745,Puerto Paulito
3837611,San Gabriel
3429247,Partido de San Antonio de Areco
3429248,San Antonio de Areco
3857431,Elortondo
3862537,Carreras
3864251,Bigand
3848653,Las Canas
3838411,Saladero M. Cabal
3430946,Maipú
3860168,Coronel Rodríguez
3844046,Mojón
3855244,Galvez
3429308,Partido de San Andrés de Giles
3429309,San Andrés de Giles
3835793,Santo Tome
3427447,Villa Domínico
3435073,Diamante
3429861,Presidente Rivadavia
3861704,Chapelco
3847617,Las Varas
3847907,Las Petacas
3838823,Río Primero
3429902,Pontevedra
3433762,Glew
3435029,Domselaar
3429814,Puente Cascallares
3842591,Ordoqui
3841678,Partido de Pehuajó
3841679,Pehuajó
3839516,Quiroga
3842871,Partido de Nueve de Julio
3842881,Nueve de Julio
3430705,Partido de Mercedes
3430708,Mercedes
3854323,Herrera Vegas
3858765,El Bolson
3834397,Tilisarao
3841309,Pico Truncado
3864285,Bernardo Larroude
3860407,Condarco
3862634,Carhué
3428533,Partido de San Pedro
3428576,San Pedro
3427208,Zelaya
3851734,La Donosa
3866496,Aguilares
3844104,Mixta
3856575,El Suncho
3860217,Coronda
3836376,Santa Clara de Buena Vista
3861016,Clason
3435364,Clorinda
3863692,Bustinza
3862981,Canada de Gomez
3865485,Arequito
3435055,Dique Luján
3867002,Abra Rica
3844012,Molinari
3436237,Atucha
3435551,Centinela del Mar
3835807,Santo Tomás
3849403,Laplacette
3436101,Partido de Arrecifes
3865436,Arrecifes
3855003,Girondo
3832625,Villa San José
3844811,Mari Lauquen
3854594,Guanaco
3850702,La Invencible
3849736,La Nina
3433723,González Catán
3845330,Machagai
3854494,Guatimozin
3843619,Morteros
3866029,Alto San Pedro
3864286,Bernardo de Irigoyen
3859435,Desmochado Afuera
3853760,Ingenio Nueva Baviera
3840314,Pozuelos
3427386,Villa Paranacito
3846697,Loma del Medio
3833478,Tusquitas
3436048,Benavídez
3435874,Caballito
3855570,Fighiera
3427511,Verónica
3838294,Saldan
3856659,El Sauce
3860825,Departamento de Colón
3845679,Los Quebrachitos
3427662,Tres Bocas
3430239,Palavecino
3848656,Las Canas
3834601,Tartagal
3833405,Uranga
3429160,San Clemente del Tuyu
3858918,El Amparo
3832131,Departamento de Zapala
3832132,Zapala
3855563,Filo-hua-hum
3863596,Cabildo
3429418,Sáenz Pena
3832811,Villa Angela
3844609,Mechita
3855558,Finca Elisa
3834867,Tacanas
3853756,Ingenio San Pablo
3433319,José Santos Arévalo
3860059,Correa
3860847,Collún-Có
3864830,Banderaló
3862222,Cavanagh
3836540,Sansinena
3832797,Villa Berthet
3431775,Las Garzas
3866389,Aldea Jacobi
3430968,Macia
3832765,Villa del Rosario
3845075,Malvinas
3860766,Colonia La Brava
3427528,Vélez Sarsfield
3838468,Partido de Saavedra
3838469,Saavedra
3848676,Las Calles
3855377,Franck
3430114,Parque Patricios
3862575,Carnerillo
3433579,Heavy
3433340,Jeppener
3860755,Colonia Margarita
3848896,Larrea
3838131,San Ambrosio
3834514,Teniente Origone
3862101,Cereales
3844962,Manuel García Fernández
3860209,Coronel Arnold
3428287,Santa Lucia
3843897,Monteagudo
3431239,Los Acantilados
3430862,Mar del Sur
3854427,Guido Spano
3855083,General O’Brien
3856511,El Tejar
3430838,Mariano Acosta
3430116,Parque Chacabuco
3835126,Soldini
3429713,Puerto Vilelas
3834623,Taquello
3837707,San Fernando
3842802,Obanta
3852490,La Bolsa
3865991,Álvarez
3433893,Fortín Aguilar
3861217,Chumbicha
3845228,Maizales
3845052,Manantial
3834813,Tafi Viejo
3853689,Isca Yacú
3435021,Don Cristóbal
3832637,Villa Río Hondo
3843854,Monte Flores
3432990,Labardén
3855152,Gaviotas
3853773,Ingeniero White
3848470,Las Delicias
3855069,General Racedo
3436004,Boca
3853994,Hughes
3855066,General Roca
3435910,Buenos Aires
3435506,Chacarita
3841979,Paraje El Cerro
3832798,Villa Benegas
3435103,Curuzu Cuatia
3840029,Pujato
3866356,Alejandro Roca
3862338,Caspi Corral
3845365,Luque
3847613,Las Varillas
3846296,Los Chanaritos
3833995,Totoras
3855113,General Fotheringham
3861828,Challacó
3427382,Villa Recondo
3430990,Luis J. García
3431606,Las Toscas
3841500,Perez
3843059,Ninte
3838240,Partido de Salliqueló
3838241,Salliqueló
3432598,La Estafeta
3429024,San Gustavo
3860198,Partido de Coronel Dorrego
3860199,Coronel Dorrego
3429933,Plátanos
3859749,Cuchi Corral
3846719,Loma Alta
3832799,Villa Belgrano
3862395,Casalegno
3844585,Médano de Oro
3864185,Blanca Grande
3854970,Gobernador Ugarte
3854996,Gnecco
3841517,Peralta
3434161,Emiliano Reynoso
3860179,Coronel Moldes
3838059,San Antonio
3861956,Chabás
3832800,Villa Belgrano
3854008,Huerta Grande
3859833,Cruz Chica
3840081,Puerto San Lorenzo
3427215,Zapiola
3862320,Castelli
3832647,Villa Regina
3848354,Las Heras
3843798,Montes de Oca
3428708,San Luis del Palmar
3436134,Barracas
3433836,Garupa
3430103,Departamento de Paso de los Libres
3430104,Paso de los Libres
3832923,Victorica
3843871,Monte Cristo
3855098,General Levalle
3832756,Villa Dolores
3860417,Conchas
3862760,Capilla de los Remedios
3836647,San Ramón
3845666,Los Quirquinchos
3428050,Sarandí
3427455,Villa del Parque
3838638,Roldan
3862525,Carreta Quebrada
3838154,Departamento de San Alberto
3837098,San Lorenzo
3860455,Comedero
3849516,La Paz
3855132,Partido de General Arenales
3855133,General Arenales
3833140,Vedia
3834080,Tortugas
3838684,Rodeo del Medio
3833675,Trevelin
3429576,Retiro
3860816,Colonia Alpina
3859827,Departamento de Cruz del Eje
3859828,Cruz del Eje
3429014,Departamento de San Ignacio
3429016,San Ignacio
3841163,Piedritas
3862138,Centeno
3834780,Tala Canada
3852629,La Banda
3832630,Villa Saboya
3833794,Tres Isletas
3855067,General Ramirez
3429439,Rosario del Tala
3832959,Viale
3835940,Santa Rosa de Leales
3861595,Chazon
3844908,Marcelino Escalada
3835297,Sierra Grande
3840885,Plottier
3853748,Inriville
3855639,Fatraló
3832669,Villa Mugueta
3428973,Departamento de San Javier
3428975,San Javier
3852279,La Carlota
3842217,Palomitas
3427387,Villa Ortúzar
3427561,Valeria del Mar
3848611,Las Catitas
3835943,Santa Rosa de Calamuchita
3435257,Constitución
3435643,Partido de Carmen de Areco
3435644,Carmen de Areco
3430780,Máximo Paz
3436227,Partido de Avellaneda
7535637,Avellaneda
3429389,Partido de Saladillo
3429399,Saladillo
3435689,Partido de Capitán Sarmiento
3435690,Capitán Sarmiento
3855042,Partido de General Viamonte
3855043,General Viamonte
3862736,Capitán Castro
3843844,Monte Hermoso
3844267,Miguel Riglos
3859036,Eduardo Castex
3436149,Partido de Baradero
3436150,Baradero
3430782,Matheu
3845391,Lules
3843802,Departamento de Monteros
3843803,Monteros
3865289,Atahona
3430857,Margarita Belen
3834652,Tanti
3838297,Salazar
3433712,Goyeneche
3433798,Partido de General Las Heras
3433799,General Las Heras
3844818,María Teresa
3842432,Pacará
3429703,Pueyrredón
3433959,Federacion
3866985,Acebal
3849181,La Puntilla
3859278,Dolavon
3436058,Departamento de Bella Vista
3436062,Bella Vista
3834339,Tio Pujio
3834822,Tacural
3853350,Junin de los Andes
3832608,Villa Trinidad
3433964,Fátima
3832599,Villa Vieja
3832741,Villa Fontana
3845251,Mainque
3429808,Puerto Algarrobo
3430272,Ostende
3832397,Wheelwright
3435446,Partido de Chascomús
3435448,Chascomús
3833100,Partido de Veinticinco de Mayo
3833112,Veinticinco de Mayo
3854947,González
3866465,Aimogasta
3428481,San Salvador
3851331,La Falda
3436397,Almagro
3427500,Victoria
3856210,Empalme Villa Constitución
3832729,Villa Giardino
3841486,Perico
3842190,Palpala
3430597,Departamento de Monte Caseros
3430598,Monte Caseros
3832376,Yacimiento Rio Turbio
3845181,Malargüe
3427377,Villa Rosa
3855712,Eusebia
3430568,Moquehuá
3862100,Ceres
3839262,Recreo
3861869,Chacras de Coria
3866237,Almafuerte
3844424,Mendiolaza
3833111,Veinticinco de Mayo
3832763,Villa del Totoral
3429458,Romang
3427340,Vivoratá
3845293,Madariaga
3856140,Epuyén
3846915,Libertador General San Martin
3832631,Villa Rumipal
3834048,Tostado
3859409,Devoto
3861958,Cevil Redondo
3861415,Departamento de Chimbas
3861416,Chimbas
3832411,Warnes
3835300,Sierra de la Ventana
3860365,Conesa
3853509,Jesús María
3847783,Las Talas
3832793,Villa Canas
3865999,Departamento de Aluminé
3866000,Alumine
3833936,Tránsito
3839288,Real del Padre
3855131,General Baldissera
3430454,Partido de Navarro
3430457,Navarro
3834665,Tancacha
3833182,Vaqueros
3839263,Recreo
3833412,Unquillo
3834647,Tapalqué
3427456,Villa de los Patricios
3835617,Sauce Viejo
3859034,Egusquiza
3839667,Departamento de Quemú Quemú
3839668,Quemu Quemu
3833358,Uspallata
3855394,Fraile Pintado
3866268,Alicia
3835695,Sastre
3853745,Intendente Alvear
3838741,Rivera
3838563,Departamento de Rosario de la Frontera
3838564,Rosario de la Frontera
3833027,Vera
3432790,La Constancia
3948969,Los Rosas
3866214,Alpachiri
3862883,Canals
3430287,Open Door
3855107,General Gutiérrez
3836188,Departamento de Santa Lucía
3836194,Santa Lucia
3853562,James Craik
3860280,Coquimbito
3862761,Capilla del Monte
3842559,Oro Verde
3861002,Clodomira
3853786,Ingeniero Jacobacci
3865375,Arrufo
3837238,San José de la Esquina
3427422,Villa Guillermina
3863050,Campo Quijano
3851913,La Consulta
3832654,Villa Parque
3845266,Magdalena
3846991,Leones
3864632,Barrio La Fortuna
3860811,Colonia Baron
3429786,Puerto Esperanza
3834309,Departamento de Toay
3834310,Toay
3844644,Mayor Buratovich
3430409,Norberto de la Riestra
3861966,Cervantes
3864888,Balnearia
3844229,Mina Clavero
3433881,Francisco Álvarez
3841937,Parera
3862945,Canada Rosquín
3429738,Puerto Piray
3837854,San Carlos Norte
3853330,Justo Daract
3851100,Lago Puelo
3845350,Luzuriaga
3835238,Simoca
3855626,Felicia
3832806,Villa Ascasubi
3839402,Ranchillos
3433347,Jáuregui
3856436,El Trebol
3832712,Villa Krause
3837232,San José del Rincón
3860466,Comandante Luis Piedra Buena
3854092,Huanguelén
3853974,Huinca Renanco
3838796,Departamento de Río Segundo
3838797,Rio Segundo
3857012,El Quebrachal
3833773,Tres Lomas
3865430,Arribenos
3844759,Marull
3836239,Santa Isabel
3862251,Catrilo
3852468,Laboulaye
3839996,Departamento de Punilla
3836137,Santa María
3436109,Barrio Norte
3857851,Elisa
3434132,Escalada
3856036,Espartillar
3862373,Casbas
3430234,Palermo
3835351,Serrano
3435966,Bovril
3855143,General Acha
3948970,San Lorenzo
3844687,Matorrales
3862144,Centenario
3861443,Departamento de Chilecito
3861445,Chilecito
3859574,Curtiembre
3849140,La Quiaca
3844819,María Susana
3862084,Departamento de Cerrillos
3862086,Cerrillos
3433282,Jubileo
3436099,Basavilbaso
3837456,San Jerónimo Norte
3850005,Lamarque
3837590,San Gregorio
3838201,Sampacho
3844473,Medrano
3849298,Partido de Laprida
3849300,Laprida
3433564,Herrera
3835710,Sarmiento
3427505,Vicente López
3436077,Belgrano
3832662,Villa Nueva
3842796,Obispo Trejo
3431318,Partido de Lobería
3431321,Lobería
3832098,Zavalla
3866905,Agrelo
3865281,Ataliva
3854454,Güemes
3865424,Arroyito
3848353,Las Heras
3855118,General Deheza
3864261,Bialet Massé
3845596,Los Sauces
3835021,Suardi
3832661,Villa Nueva
3833878,Departamento de Trenel
3833880,Trenel
3864274,Berrotaran
3838211,Salto Grande
3864328,Beltran
3834502,Termas de Rio Hondo
3852815,La Angelita
3865223,Ausonia
3861666,Charras
3853323,Kaiken
3864847,Bandera
3846267,Los Cisnes
3429712,Puerto Wanda
3427877,Tacuarendí
3854723,Departamento de Graneros
3854724,Graneros
3848164,Las Lomitas
3835921,Santa Sylvina
3865762,Angélica
3836143,Santa María
3436003,Boedo
3862240,Caucete
3859179,Dorila
3428056,Partido de San Vicente
3436414,Alejandro Korn
3837816,Sancti Spíritu
3857756,El Maiten
3433349,Jardin America
3853444,Juan Bernabé Molina
3837960,San Basilio
3433362,Departamento de Itatí
3433363,Itati
3435266,Concepcion de la Sierra
3838634,Rolón
3854331,Hernando
3855120,General Daniel Cerri
3862583,Carmen de Patagones
3430648,Mocoreta
3856122,Escalante
3429664,Quequén
3836952,San Martín de las Escobas
3844933,Maquinchao
3857387,El Palomar
3850920,Laguna Paiva
3854937,Partido de Adolfo González Chaves
3866923,Adolfo Gonzáles Chaves
3430709,Mercedes
3430951,Partido de Magdalena
3430957,Magdalena
3853783,Ingeniero Luiggi
3837989,San Antonio de Arredondo
3835388,Selva
3429688,Punta Lara
3855288,Gaboto
3836375,Santa Clara de Saguier
3855072,General Pinto
3435813,Camet
3841908,Pasco
3855322,Fuentes
3844270,Miguel Cané
3430067,Pedernales
3436030,Bernardo de Irigoyen
3865888,Florentino Ameghino
3832699,Villa Luján
3845202,Malagueno
3844459,Melincué
3832790,Villa Carmela
3847188,La Violeta
3861493,Departamento de Chicoana
3861494,Chicoana
3839063,Ricardo Gavina
3851619,La Emilia
3845263,Maggiolo
3435234,Coronel Vidal
3429601,Partido de Rauch
3429602,Rauch
3866367,Alderetes
3428068,San Vicente
3849980,La Maruja
3841413,Piamonte
3855074,General Pinedo
3849924,La Mendieta
3844668,Máximo Paz
3863377,Caleufu
3832512,Vista Flores
3859535,Dalmacio Velez Sarsfield
3855719,Etruria
3853412,Juárez Celman
3855284,Gaiman
3853824,Inés Indart
3844848,María Juana
3832772,Villada
3838840,Río Mayo
3841475,Perito Moreno
3847557,La Tablada
3832609,Villa Traful
3434731,El Colorado
3428858,San Jose de Feliciano
3843026,Noetinger
3835372,Senillosa
3853923,Idiazabal
3429865,Partido de Presidencia de la Plaza
3429866,Presidencia de la Plaza
3855102,Partido de General La Madrid
3855104,General La Madrid
3847599,Las Vertientes
3840080,Puerto San Martín
3435750,Campo Viera
3429496,Ringuelet
3434094,Departamento de Esquina
3434095,Esquina
3852480,Laborde
3845344,Macachin
3861257,Chovet
3430180,Pampa del Indio
3846374,Los Cardos
3853592,Jacinto Arauz
3832719,Villa Huidobro
3853644,Isla Verde
3431005,Lucas Gonzalez
3855715,Eugenio Bustos
3429449,Partido de Roque Pérez
3429450,Roque Pérez
3836170,Santa Magdalena
3435539,Cerrito
3853477,Josefina
3429721,Puerto Tirol
3863833,Brinkmann
3434966,Durazno
3862215,Cayastá
3836983,Departamento de San Martín
3848588,Las Chacras
3839489,Partido de Quitilipi
3839490,Quitilipi
3853958,Humboldt
3835998,Santa Rosa
3832676,Villa Minetti
3854916,Goudge
3853938,Ibarlucea
3865474,Arias
3841426,Peyrano
3434291,El Soberbio
3839456,Rama Caída
3855690,Facundo
3833211,Valle Hermoso
3855369,Fray Luis Beltrán
3840858,Departamento de Pocito
3840860,Pocito
3433648,Guarani
3836752,Departamento de San Pedro
3836772,San Pedro
3435732,Departamento de Candelaria
3435734,Candelaria
3866667,Agua de Oro
3853616,Italo
3848863,Las Acequias
3837987,San Antonio de Litin
3861846,Chaján
3851244,La Florida
3863262,Campanas
3839565,Quimili
3435340,Colonia Benitez
3859102,Dudignac
3435532,Cerro Azul
3832388,Winifreda
3850355,La Limpia
3859103,Ducós
3865448,Arocena
3860733,Colonia Río Chico
3862820,Candonga
3433580,Hasenkamp
3856231,Embarcacion
3859951,Costa Sacate
3842899,Nueva Lehmann
3859956,Costa de Araujo
3428123,Santa Teresita
3429778,Puerto Ibicuy
3859498,Delfín Gallo
3427916,Solís
3854492,Departamento de Guatraché
3854493,Guatrache
3427375,Villars
3429493,Río Luján
3845016,Manantiales Chicos
3855140,General Alvear
3863502,Departamento de Cafayate
3863503,Cafayate
3860427,Concepción
3854993,Gobernador Benegas
3436203,Azcuénaga
3842680,Olaeta
3846236,Los Condores
3859502,De la Garma
3854604,Guaminí
3852374,La Calera
3848890,Lartigau
3865413,Arroyo Cabral
3854981,Gobernador Gregores
3836065,Santa Regina
3865974,Amadores
3854438,Guerrico
3837852,San Carlos Sur
3866082,Alto de la Piedra
3860881,Colastiné Sur
3429730,Puerto Ruiz
3857061,El Pueblito
3838981,Rincón del Doll
3841708,Pedregal
3832079,Departamento de Zonda
3832080,Zonda
3832715,Villa Iris
3841298,Departamento de Picún Leufú
3841301,Picun Leufu
3864891,Ballesteros
3839801,Quebracho Herrado
3865840,Anatuya
3834513,Teodelina
3835402,Segui
3863362,Calingasta
3846869,Lin Calel
3427949,Siete Palmas
3841748,Pavón
3430156,Parada Leis
3433456,Ingeniero Otamendi
3835354,Serodino
3840258,Progresso
3849075,La Reducción
3864430,Belén
3848343,Las Higueras
3855056,General San Martin
3862719,Carabelas
3856220,Emilio V. Bunge
3844679,Mattaldi
3860208,Coronel Baigorria
3860705,Colonia Tirolesa
3866375,Aldea San Francisco
3436395,Almirante Brown
3856547,El Tala
3853706,Iriondo
3429331,San Alberto
3845366,Lunlunta
3841763,Patricios
3865491,Arenaza
3855917,Estación Ramallo
3866308,Algarrobo
3865775,Departamento de Anelo
3865776,Anelo
3832509,Vistalba
3847102,Departamento de Leales
3847103,Leales
3862889,Canadón Seco
3427369,Villa San Marcial
3427958,Sierra de los Padres
3866396,Aldea Brasilera
3854089,Huanqueros
3832607,Villa Tulumba
3428003,Departamento de Sauce
3428023,Sauce
3432355,La Leonesa
3832818,Villa Albertina
3832903,Videla
3856548,El Tala
3835230,Sindicato Dodero
3832786,Villa Castelar
3841744,Pavón Arriba
3856839,El Retiro
3865742,Anguil
3835289,Sierras Bayas
3854334,Hernandez
3860197,Coronel Du Graty
3855603,Ferré
3842672,Olascoaga
3853963,Humaitá
3834897,Susana
3843788,Monte Vera
3435107,Curuzú
3847858,Las Pulgas
3435974,Bosques
3859946,Cotagaita
3865786,Andino
3834459,Ticino
3832742,Villa Florida
3861713,Chapanay
3864731,Barrancas
3846080,Los Juries
3853447,Juan Bautista Alberdi
3842840,Nuevo Torino
3854459,Departamento de Guaymallén
3864299,Bermejo
3434958,Echagüe
3430943,Makalle
3430679,Ministro Rivadavia
3835938,Santa Rosa de Rio Primero
3832803,Villa Atuel
3839588,Quilino
3840031,Puiggari
3840987,Pirovano
3859500,Del Campillo
3860818,Colonia Almada
3864574,Bauer y Sigel
3832759,Villa de Soto
3427444,Villa El Cacique
3839061,Ricardone
3846135,Los Gutiérrez
3861059,Cintra
3832783,Villa Chanar Ladeado
3432144,Lanteri
3429733,Puerto Reconquista
3837797,San Eduardo
3833947,Trancas
3851181,La Francia
3430015,Picada Gobernador Lopez
3855201,Garré
3832805,Villa Atamisqui
3429156,Departamento de San Cosme
3429157,San Cosme
3833463,Ucacha
3866959,Achiras
3860709,Colonia Seré
3861677,Charbonier
3433775,Villa Urquiza
3429741,Puerto Pilcomayo
3435968,Bouvier
3855433,Fortín Olavarría
3427431,Villa Gesell
3436108,Barrio Nuevo
3843037,nirihuau
3436113,Barrio El Retazo
3832747,Villa Espora
3840076,Puerto Santa Cruz
3833094,Veintiocho de Noviembre
3864641,Barrio Almirante Brown
3854293,Hill Station
3866035,Alto Rio Senguer
3833259,Valle
3855116,General Enrique Mosconi
3836620,San Ramon de la Nueva Oran
3855141,General Alvarado
3427448,Villa Dolores
3430296,Ombucito
3429798,Puerto Canoas
3433901,Fontana
3432471,Laguna Brava
3849769,La Nélida
3832643,Villa Reynolds
3841210,Piedra Pintada
3866056,Alto de Sierra
3840548,Pozo de Ávila
3845082,Mal Paso
3865689,Antapoca
3847935,Las Paredes
3857216,El Plumerillo
3436307,Arana
3846402,Los Boulevares
3837552,San Ignacio
3837956,San Benito
3427361,Villa Zorraquín
3428359,Santa Elena
3429403,Saladas
3429732,Puerto Rico
3429777,Puerto Iguazu
3429790,Puerto Eldorado
3430339,Departamento de Oberá
3430340,Obera
3430599,Departamento de Montecarlo
3430601,Montecarlo
3432077,Departamento de La Paz
3432079,La Paz
3433658,Gualeguaychu
3433753,Gobernador Ingeniero Valentin Virasoro
3433803,General Jose de San Martin
3433956,Federal
3435356,Colegiales
3436287,Aristobulo del Valle
3832653,Villa Paula de Sarmiento
3832791,Villa Carlos Paz
3832815,Villa Allende
3837240,San Jose de Jachal
3837702,San Fernando del Valle de Catamarca
3838583,Rosario
3838874,Rio Cuarto
3859552,Cutral-Co
3864375,Bella Vista
3866242,Allen
6693230,Villa Santa Rita
7116866,Villa Mercedes
3435259,Congreso
3833650,Trinidad
6693229,San Nicolas
3841476,Perito Moreno
3428067,San Vicente
3832717,Villa Independencia
3427435,Villa Galicia